,index
429,0
107,1
191,2
99,3
54,4
35,5
468,6
353,7
40,8
604,9
145,10
136,11
130,12
444,13
284,14
536,15
134,16
436,17
242,18
314,19
574,20
385,21
349,22
46,23
584,24
476,25
192,26
14,27
411,28
541,29
273,30
56,31
102,32
455,33
162,34
229,35
26,36
447,37
243,38
592,39
485,40
404,41
142,42
507,43
394,44
498,45
588,46
8,47
486,48
176,49
262,50
170,51
602,52
179,53
109,54
38,55
235,56
512,57
395,58
386,59
321,60
530,61
173,62
94,63
133,64
446,65
117,66
501,67
37,68
81,69
181,70
559,71
6,72
458,73
126,74
565,75
373,76
609,77
379,78
5,79
347,80
121,81
58,82
174,83
340,84
43,85
566,86
470,87
374,88
240,89
569,90
402,91
31,92
544,93
206,94
269,95
524,96
521,97
270,98
214,99
451,100
150,101
302,102
529,103
151,104
589,105
90,106
32,107
456,108
84,109
389,110
276,111
437,112
120,113
337,114
277,115
492,116
71,117
350,118
171,119
44,120
364,121
372,122
304,123
481,124
360,125
85,126
163,127
128,128
297,129
11,130
283,131
149,132
467,133
575,134
595,135
535,136
412,137
201,138
33,139
156,140
315,141
268,142
597,143
199,144
263,145
208,146
547,147
93,148
140,149
236,150
383,151
266,152
554,153
118,154
115,155
4,156
572,157
577,158
197,159
225,160
45,161
245,162
587,163
59,164
603,165
217,166
579,167
267,168
465,169
414,170
155,171
188,172
27,173
430,174
607,175
96,176
1,177
265,178
469,179
333,180
19,181
57,182
294,183
571,184
409,185
101,186
591,187
160,188
368,189
224,190
453,191
546,192
292,193
299,194
474,195
450,196
195,197
216,198
288,199
39,200
324,201
202,202
290,203
355,204
244,205
79,206
555,207
113,208
422,209
13,210
410,211
183,212
157,213
384,214
457,215
516,216
42,217
367,218
164,219
494,220
493,221
234,222
500,223
255,224
238,225
135,226
452,227
448,228
69,229
532,230
392,231
313,232
391,233
186,234
531,235
527,236
198,237
558,238
479,239
325,240
342,241
108,242
312,243
95,244
97,245
185,246
9,247
293,248
165,249
104,250
275,251
427,252
449,253
303,254
20,255
182,256
518,257
311,258
169,259
504,260
232,261
310,262
82,263
425,264
309,265
66,266
346,267
387,268
226,269
100,270
36,271
482,272
438,273
7,274
23,275
594,276
260,277
287,278
194,279
221,280
552,281
428,282
316,283
218,284
396,285
502,286
488,287
91,288
608,289
286,290
336,291
250,292
478,293
462,294
48,295
144,296
264,297
510,298
257,299
289,300
463,301
61,302
259,303
167,304
423,305
132,306
68,307
75,308
370,309
513,310
64,311
187,312
34,313
542,314
178,315
381,316
399,317
129,318
580,319
473,320
274,321
606,322
110,323
161,324
483,325
540,326
480,327
254,328
593,329
570,330
397,331
281,332
307,333
573,334
416,335
166,336
359,337
278,338
219,339
230,340
354,341
477,342
343,343
147,344
361,345
137,346
74,347
301,348
72,349
322,350
420,351
553,352
239,353
138,354
375,355
403,356
334,357
223,358
356,359
200,360
220,361
543,362
51,363
318,364
175,365
271,366
28,367
327,368
369,369
440,370
600,371
53,372
172,373
545,374
568,375
12,376
390,377
78,378
522,379
590,380
207,381
215,382
335,383
127,384
431,385
508,386
22,387
180,388
434,389
87,390
464,391
605,392
454,393
320,394
330,395
253,396
499,397
158,398
92,399
405,400
406,401
505,402
15,403
578,404
17,405
3,406
168,407
585,408
538,409
29,410
398,411
421,412
146,413
55,414
432,415
213,416
419,417
295,418
326,419
490,420
351,421
520,422
204,423
88,424
442,425
539,426
489,427
83,428
503,429
124,430
116,431
358,432
377,433
484,434
345,435
86,436
472,437
249,438
280,439
357,440
131,441
211,442
332,443
246,444
70,445
576,446
460,447
228,448
376,449
435,450
562,451
21,452
80,453
16,454
282,455
348,456
415,457
388,458
203,459
222,460
528,461
60,462
261,463
371,464
237,465
496,466
443,467
344,468
308,469
323,470
537,471
407,472
506,473
533,474
300,475
487,476
497,477
317,478
393,479
598,480
103,481
231,482
177,483
193,484
119,485
509,486
439,487
76,488
189,489
341,490
466,491
563,492
601,493
112,494
63,495
143,496
378,497
366,498
2,499
105,500
256,501
582,502
581,503
227,504
123,505
298,506
241,507
233,508
441,509
285,510
511,511
152,512
426,513
557,514
291,515
139,516
445,517
18,518
10,519
424,520
495,521
41,522
24,523
534,524
305,525
339,526
196,527
319,528
122,529
418,530
73,531
549,532
106,533
408,534
247,535
52,536
560,537
251,538
210,539
125,540
525,541
564,542
610,543
583,544
148,545
413,546
114,547
154,548
517,549
548,550
365,551
550,552
212,553
561,554
49,555
380,556
352,557
328,558
65,559
47,560
471,561
475,562
252,563
599,564
400,565
30,566
50,567
67,568
526,569
363,570
523,571
190,572
551,573
461,574
279,575
433,576
159,577
401,578
141,579
515,580
382,581
111,582
306,583
519,584
205,585
459,586
89,587
62,588
491,589
329,590
209,591
567,592
153,593
417,594
586,595
338,596
362,597
272,598
98,599
296,600
514,601
556,602
248,603
258,604
77,605
25,606
596,607
184,608
331,609
